condition,seed,max_rotation_deg,test_acc,test_macro_f1,best_val_acc
baseline,1,0.0,0.5916061339790153,0.5831568632615894,0.6882352941176471
baseline,2,0.0,0.6004842615012107,0.5942553014293354,0.6647058823529411
baseline,3,0.0,0.6037126715092817,0.5946472155983112,0.6617647058823529
baseline,4,0.0,0.5972558514931396,0.5932327259249816,0.6647058823529411
baseline,5,0.0,0.5932203389830508,0.5834575747551429,0.6764705882352942
baseline,6,0.0,0.6206618240516546,0.6066102073448697,0.6794117647058824
baseline,7,0.0,0.5932203389830508,0.5884969671063116,0.6617647058823529
baseline,8,0.0,0.5899919289749799,0.5772897858559198,0.6911764705882353
baseline,9,0.0,0.5932203389830508,0.5829348287788326,0.6970588235294117
baseline,10,0.0,0.606133979015335,0.597053492576916,0.6970588235294117
baseline,11,0.0,0.5988700564971752,0.5922628339087253,0.6617647058823529
baseline,12,0.0,0.585956416464891,0.5789794815622796,0.6441176470588236
baseline,13,0.0,0.5875706214689266,0.57909334636475,0.6735294117647059
baseline,14,0.0,0.5907990314769975,0.5817924877446885,0.6647058823529411
baseline,15,0.0,0.5899919289749799,0.5780002333230447,0.65
baseline,16,0.0,0.6029055690072639,0.592370834204201,0.6470588235294118
baseline,17,0.0,0.5899919289749799,0.5841280665486223,0.6794117647058824
baseline,18,0.0,0.5964487489911219,0.5899001880536536,0.6411764705882353
baseline,19,0.0,0.5835351089588378,0.5771289295852102,0.6617647058823529
baseline,20,0.0,0.5964487489911219,0.5880021862636011,0.6764705882352942
baseline,21,0.0,0.5980629539951574,0.5917082844191532,0.6529411764705882
baseline,22,0.0,0.6085552865213882,0.5980462711596689,0.6852941176470588
baseline,23,0.0,0.6142050040355125,0.6055903748007516,0.6823529411764706
baseline,24,0.0,0.609362389023406,0.6025477728467752,0.6705882352941176
baseline,25,0.0,0.5940274414850686,0.5872925445138327,0.7
baseline,26,0.0,0.6045197740112994,0.5943618705197848,0.6764705882352942
baseline,27,0.0,0.6012913640032284,0.5919833213269198,0.6558823529411765
baseline,28,0.0,0.5964487489911219,0.5851459698531555,0.6676470588235294
baseline,29,0.0,0.6045197740112994,0.5958690403065848,0.6735294117647059
baseline,30,0.0,0.5956416464891041,0.5912335501616746,0.6882352941176471
baseline,31,0.0,0.6133979015334947,0.6041644988064898,0.6764705882352942
baseline,32,0.0,0.5956416464891041,0.5861965400400034,0.6529411764705882
baseline,33,0.0,0.5891848264729621,0.5756791207474549,0.6823529411764706
baseline,34,0.0,0.6045197740112994,0.5956568071236761,0.6529411764705882
baseline,35,0.0,0.6020984665052461,0.5938352372874792,0.6735294117647059
baseline,36,0.0,0.5835351089588378,0.5752900204626029,0.6852941176470588
baseline,37,0.0,0.6085552865213882,0.5966204618613001,0.6911764705882353
baseline,38,0.0,0.5883777239709443,0.5810954856961691,0.6764705882352942
baseline,39,0.0,0.5956416464891041,0.5852092920120952,0.6558823529411765
baseline,40,0.0,0.5932203389830508,0.5835898229876197,0.6588235294117647
baseline,41,0.0,0.5916061339790153,0.5824012456111585,0.6558823529411765
baseline,42,0.0,0.5891848264729621,0.582288821850711,0.6970588235294117
baseline,43,0.0,0.6045197740112994,0.594036240178177,0.6588235294117647
baseline,44,0.0,0.5851493139628733,0.5729493884348147,0.6617647058823529
baseline,45,0.0,0.5916061339790153,0.5864423336048517,0.6705882352941176
rot05,1,5.0,0.5964487489911219,0.5866675348475551,0.6794117647058824
rot05,2,5.0,0.6077481840193705,0.6016919198971882,0.6852941176470588
rot05,3,5.0,0.6069410815173527,0.5995048340233702,0.6794117647058824
rot05,4,5.0,0.6182405165456013,0.6122752179474378,0.6911764705882353
rot05,5,5.0,0.6020984665052461,0.5894655042874933,0.6705882352941176
rot05,6,5.0,0.5980629539951574,0.5883070497255729,0.6676470588235294
rot05,7,5.0,0.6190476190476191,0.6138688380433515,0.6676470588235294
rot05,8,5.0,0.5883777239709443,0.5776093991334962,0.6852941176470588
rot05,9,5.0,0.612590799031477,0.6027894668713324,0.7029411764705882
rot05,10,5.0,0.6101694915254238,0.6017329620210178,0.6823529411764706
rot05,11,5.0,0.6077481840193705,0.6021976881283747,0.6794117647058824
rot05,12,5.0,0.5980629539951574,0.5918504312787717,0.6970588235294117
rot05,13,5.0,0.5924132364810331,0.58223216332062,0.6852941176470588
rot05,14,5.0,0.6230831315577078,0.6170698178567225,0.6882352941176471
rot05,15,5.0,0.5803066989507667,0.5757098985800186,0.6676470588235294
rot05,16,5.0,0.5891848264729621,0.5798825182086965,0.6647058823529411
rot05,17,5.0,0.6150121065375302,0.6016213293127258,0.6794117647058824
rot05,18,5.0,0.5875706214689266,0.5803404003316328,0.6676470588235294
rot05,19,5.0,0.6142050040355125,0.6034184005298312,0.6794117647058824
rot05,20,5.0,0.6053268765133172,0.5973511465849226,0.7
rot05,21,5.0,0.6109765940274415,0.6003398259773742,0.6735294117647059
rot05,22,5.0,0.6085552865213882,0.6016158369043452,0.6911764705882353
rot05,23,5.0,0.6053268765133172,0.5962754898849961,0.6588235294117647
rot05,24,5.0,0.6085552865213882,0.5963797945492937,0.6794117647058824
rot05,25,5.0,0.6053268765133172,0.5997479604480662,0.6941176470588235
rot05,26,5.0,0.5899919289749799,0.5781441758637244,0.6735294117647059
rot05,27,5.0,0.6045197740112994,0.5975230100546457,0.6882352941176471
rot05,28,5.0,0.5972558514931396,0.5904607921985635,0.6764705882352942
rot05,29,5.0,0.5988700564971752,0.5894770264127108,0.6794117647058824
rot05,30,5.0,0.5988700564971752,0.5903134666584603,0.6735294117647059
rot05,31,5.0,0.606133979015335,0.5966370610892462,0.6882352941176471
rot05,32,5.0,0.6029055690072639,0.5924594555247197,0.7029411764705882
rot05,33,5.0,0.5980629539951574,0.5868714101253445,0.6823529411764706
rot05,34,5.0,0.58272800645682,0.5793851572536858,0.6705882352941176
rot05,35,5.0,0.6085552865213882,0.5996559354960421,0.6705882352941176
rot05,36,5.0,0.6029055690072639,0.5925078052431535,0.6794117647058824
rot05,37,5.0,0.612590799031477,0.602528772593273,0.6794117647058824
rot05,38,5.0,0.6085552865213882,0.5987703857894396,0.6882352941176471
rot05,39,5.0,0.6037126715092817,0.5899947233436603,0.6588235294117647
rot05,40,5.0,0.6117836965294592,0.6040330161328935,0.6882352941176471
rot05,41,5.0,0.5891848264729621,0.5836174024345567,0.6970588235294117
rot05,42,5.0,0.6109765940274415,0.6036333983015383,0.7088235294117647
rot05,43,5.0,0.612590799031477,0.6034551933137527,0.6676470588235294
rot05,44,5.0,0.6101694915254238,0.5991259937308964,0.6617647058823529
rot05,45,5.0,0.5940274414850686,0.5851423628206607,0.6558823529411765
rot10,1,10.0,0.609362389023406,0.598940244535497,0.7
rot10,2,10.0,0.612590799031477,0.6021892907210682,0.6823529411764706
rot10,3,10.0,0.6117836965294592,0.6041658230314265,0.6764705882352942
rot10,4,10.0,0.5988700564971752,0.5881236554916388,0.6852941176470588
rot10,5,10.0,0.6246973365617433,0.616457427466283,0.7147058823529412
rot10,6,10.0,0.6182405165456013,0.6098580872630329,0.6794117647058824
rot10,7,10.0,0.6085552865213882,0.6015493721046969,0.6794117647058824
rot10,8,10.0,0.615819209039548,0.6072128972710682,0.7
rot10,9,10.0,0.615819209039548,0.6034905286157755,0.6882352941176471
rot10,10,10.0,0.6182405165456013,0.6123814161166719,0.6882352941176471
rot10,11,10.0,0.6190476190476191,0.6046303508384399,0.6852941176470588
rot10,12,10.0,0.6053268765133172,0.5988417579857938,0.6941176470588235
rot10,13,10.0,0.615819209039548,0.6084959972463404,0.6823529411764706
rot10,14,10.0,0.6077481840193705,0.5959982717923421,0.6617647058823529
rot10,15,10.0,0.6222760290556901,0.6141564551283573,0.6705882352941176
rot10,16,10.0,0.6166263115415658,0.6082893832032751,0.6882352941176471
rot10,17,10.0,0.6117836965294592,0.5996961145578672,0.6705882352941176
rot10,18,10.0,0.6004842615012107,0.5916080189362002,0.6735294117647059
rot10,19,10.0,0.6029055690072639,0.5888841434745287,0.6647058823529411
rot10,20,10.0,0.5988700564971752,0.5906434559944224,0.6764705882352942
rot10,21,10.0,0.6222760290556901,0.6092778972698069,0.6617647058823529
rot10,22,10.0,0.6150121065375302,0.60700670513178,0.6852941176470588
rot10,23,10.0,0.612590799031477,0.6113307457307176,0.6764705882352942
rot10,24,10.0,0.6263115415657788,0.6168116188706152,0.7029411764705882
rot10,25,10.0,0.6255044390637611,0.6199814388255143,0.6764705882352942
rot10,26,10.0,0.585956416464891,0.5793443854623207,0.6647058823529411
rot10,27,10.0,0.6174334140435835,0.6098227914877367,0.6764705882352942
rot10,28,10.0,0.6085552865213882,0.6010920005084077,0.6735294117647059
rot10,29,10.0,0.6142050040355125,0.6031121504246686,0.6970588235294117
rot10,30,10.0,0.6182405165456013,0.6071573092607424,0.7
rot10,31,10.0,0.615819209039548,0.6104698805583587,0.6676470588235294
rot10,32,10.0,0.612590799031477,0.6023346385300283,0.7205882352941176
rot10,33,10.0,0.6020984665052461,0.5975684580507975,0.7029411764705882
rot10,34,10.0,0.6255044390637611,0.61539121929088,0.6735294117647059
rot10,35,10.0,0.6206618240516546,0.613045726451356,0.6705882352941176
rot10,36,10.0,0.6190476190476191,0.6060431579646274,0.7
rot10,37,10.0,0.6230831315577078,0.6175095924122738,0.7
rot10,38,10.0,0.606133979015335,0.5990826292831987,0.6764705882352942
rot10,39,10.0,0.6311541565778854,0.6242276103766055,0.6705882352941176
rot10,40,10.0,0.5932203389830508,0.584621898053216,0.7029411764705882
rot10,41,10.0,0.6085552865213882,0.5971051649793361,0.6823529411764706
rot10,42,10.0,0.6174334140435835,0.6085871934316271,0.6735294117647059
rot10,43,10.0,0.6077481840193705,0.5998951647538574,0.6647058823529411
rot10,44,10.0,0.5948345439870864,0.5871424971765479,0.6705882352941176
rot10,45,10.0,0.6198547215496368,0.609495259056744,0.6823529411764706
rot20,1,20.0,0.6190476190476191,0.6132051816798091,0.6676470588235294
rot20,2,20.0,0.6279257465698144,0.6237494506178063,0.6735294117647059
rot20,3,20.0,0.5948345439870864,0.5873969345524466,0.7
rot20,4,20.0,0.6368038740920097,0.6265172554271302,0.6705882352941176
rot20,5,20.0,0.585956416464891,0.5716398297191209,0.6882352941176471
rot20,6,20.0,0.6166263115415658,0.607638782380403,0.6735294117647059
rot20,7,20.0,0.6037126715092817,0.5971422666573118,0.6970588235294117
rot20,8,20.0,0.6230831315577078,0.6121041864699093,0.6676470588235294
rot20,9,20.0,0.6238902340597255,0.6129666623490139,0.7029411764705882
rot20,10,20.0,0.6335754640839386,0.6283027194650036,0.7058823529411765
rot20,11,20.0,0.606133979015335,0.5959767851700322,0.711764705882353
rot20,12,20.0,0.615819209039548,0.6091953205550718,0.6882352941176471
rot20,13,20.0,0.6085552865213882,0.6019333655946272,0.6617647058823529
rot20,14,20.0,0.6279257465698144,0.6182384402416065,0.6882352941176471
rot20,15,20.0,0.5980629539951574,0.5862099825030669,0.6558823529411765
rot20,16,20.0,0.6214689265536724,0.6112185346890494,0.6911764705882353
rot20,17,20.0,0.6182405165456013,0.6111153132104706,0.6794117647058824
rot20,18,20.0,0.6109765940274415,0.6024888229937856,0.6705882352941176
rot20,19,20.0,0.6319612590799032,0.619539538343331,0.6911764705882353
rot20,20,20.0,0.6029055690072639,0.5980114620728494,0.6676470588235294
rot20,21,20.0,0.6077481840193705,0.5970091891176523,0.6794117647058824
rot20,22,20.0,0.6166263115415658,0.6074661463244003,0.6823529411764706
rot20,23,20.0,0.615819209039548,0.6054380736436281,0.6911764705882353
rot20,24,20.0,0.6319612590799032,0.6193592045143734,0.7235294117647059
rot20,25,20.0,0.615819209039548,0.610648921551474,0.6823529411764706
rot20,26,20.0,0.6238902340597255,0.61357150948186,0.6823529411764706
rot20,27,20.0,0.6263115415657788,0.6168051343187527,0.7147058823529412
rot20,28,20.0,0.6222760290556901,0.6164289500203227,0.7058823529411765
rot20,29,20.0,0.6279257465698144,0.6213067451621006,0.7058823529411765
rot20,30,20.0,0.6069410815173527,0.594567499803771,0.6705882352941176
rot20,31,20.0,0.6230831315577078,0.6112230350681258,0.6794117647058824
rot20,32,20.0,0.6166263115415658,0.6084531808655771,0.6970588235294117
rot20,33,20.0,0.6182405165456013,0.6103219168637725,0.6911764705882353
rot20,34,20.0,0.6037126715092817,0.5946137266445899,0.6735294117647059
rot20,35,20.0,0.6053268765133172,0.594916153282785,0.6558823529411765
rot20,36,20.0,0.6142050040355125,0.6044101575232704,0.7029411764705882
rot20,37,20.0,0.6230831315577078,0.6159335459406198,0.7147058823529412
rot20,38,20.0,0.6029055690072639,0.5923700269919198,0.6705882352941176
rot20,39,20.0,0.6166263115415658,0.6081133092303534,0.6794117647058824
rot20,40,20.0,0.6174334140435835,0.6089293958817321,0.6764705882352942
rot20,41,20.0,0.6271186440677966,0.6201006050309167,0.6676470588235294
rot20,42,20.0,0.6004842615012107,0.5904568177644934,0.7029411764705882
rot20,43,20.0,0.6287328490718321,0.6209365713999939,0.6823529411764706
rot20,44,20.0,0.6246973365617433,0.6121278960113335,0.7
rot20,45,20.0,0.6133979015334947,0.6072931231936088,0.7058823529411765
